{"cameraMode":{"drawMode":0,"name":"Shaded","section":"Shading Mode"},"sceneLighting":false,"audioPlay":false,"sceneViewState":{"m_AlwaysRefresh":false,"showFog":false,"showSkybox":false,"showFlares":false,"showImageEffects":false,"showParticleSystems":false,"showVisualEffectGraphs":true,"m_FxEnabled":true},"in2DMode":false,"pivot":{"x":0.8233107328414917,"y":-0.14510676264762879,"z":-0.25375664234161379},"rotation":{"x":-0.29169926047325137,"y":-0.08822382241487503,"z":0.027030622586607934,"w":-0.9520491361618042},"size":1.7223081588745118,"orthographic":false}